{
    "r2_score": 0.9114443517585062,
    "mae": 0.44068628070148363,
    "rmse": 0.5269222720540513
}